{
    "type": "minecraft:generic",
    "pools": [
      {
        "bonus_rolls": 0.0,
        "entries": [
          {
            "type": "minecraft:item",
            "functions": [
              {
                "add": false,
                "count": {
                  "type": "minecraft:uniform",
                  "max": 47.0,
                  "min": 36.0
                },
                "function": "minecraft:set_count"
              }
            ],
            "name": "minecraft:cobblestone"
          }
        ],
        "rolls": 1.0
      }
    ],
    "random_sequence": "nomadic:bonus_chest/stone"
}